Title,Time,Link,Medscape Link,Teaser,Image URL,Content Type
Early Home Care of Second Trimester Medical Abortion Is Safe,2024-09-03 09:00:00,https://www.thelancet.com/journals/lancet/article/PIIS0140-6736/(24/)01079-1/fulltext,https://www.medscape.co.uk/viewarticle/early-home-care-second-trimester-medical-abortion-safe-cuts-2024a1000ftt,"In the home care group, 71% of the participants later spent fewer than 9 hours in hospital vs 46% of the hospital group.",https://img.medscapestatic.com/vim/live/professional_assets/gty_220726_woman_poc_depression_800x450.jpg,Clinical Summary
Boosting Thiazide Dosage Can Reduce Kidney Stone Risk,2024-09-03 02:24:54,http://medscape.com/viewarticle/boosting-thiazide-dosage-can-reduce-kidney-stone-risk-2024a1000fx9,https://www.medscape.com/viewarticle/boosting-thiazide-dosage-can-reduce-kidney-stone-risk-2024a1000fx9,Increased thiazide doses were associated with a greater decrease in urine calcium and kidney stone events over a 4-year period in adults who had kidney stones.,https://img.medscapestatic.com/vim/live/professional_assets/medscape/images/thumbnail_library/dt_240205_kidney_cancer_800x450.jpg,Clinical Summary
Infertility Prevalence After Testicular Cancer,2024-09-02 09:00:00,http://medscape.co.uk/viewarticle/first-meta-analysis-infertility-prevalence-after-testicular-2024a1000frn,https://www.medscape.co.uk/viewarticle/first-meta-analysis-infertility-prevalence-after-testicular-2024a1000frn,"A meta-analysis of 30 studies found low prevalence of infertility, at 14%.",https://img.medscapestatic.com/vim/live/professional_assets/ps_150302_testicular_cancer_800x600.jpg,Clinical Summary
Can Prenatal Fish Oil Reduce AD Risk in Children?,2024-09-02 08:43:26,https://jamanetwork.com/journals/jama/fullarticle/10.1001/jamadermatol.2024.2849,https://www.medscape.com/viewarticle/prenatal-fish-oil-supplementation-and-ad-risk-children-tied-2024a1000fwh,"The mother's COX1 genotype could influence whether prenatal fish oil supplementation affects the risk for atopic dermatitis in children, a study found.",https://img.medscapestatic.com/vim/live/professional_assets/medscape/images/thumbnail_library/gty_210818_vitamin_d_800x450.jpg,Clinical Summary
UK's Hereditary Cardiac Amyloidosis Rates Higher Than Expected,2024-09-02 05:53:22,https://jamanetwork.com/journals/jamacardiology/fullarticle/2822884,https://www.medscape.co.uk/viewarticle/uks-hereditary-cardiac-amyloidosis-rates-higher-than-2024a1000fw1,The researchers urged increased clinical vigilance for hereditary transthyretin amyloidosis in patients with symptoms or unexplained heart muscle thickening.,https://img.medscapestatic.com/vim/live/professional_assets/medscape/images/thumbnail_library/ps_240405_amyloidosis_800x450.jpg,Clinical Summary
Does Gram Stain Enhance UTI Diagnosis in the ED?,2024-09-02 05:14:36,http://medscape.com/viewarticle/gram-stain-doesnt-improve-uti-diagnosis-ed-2024a1000fqq,https://www.medscape.com/viewarticle/gram-stain-doesnt-improve-uti-diagnosis-ed-2024a1000fqq,"Compared with other methods, urine Gram stain moderately predicted gram-negative bacteria but added little value to UTI diagnosis in the ED, raising questions about its clinical utility.",https://img.medscapestatic.com/vim/live/professional_assets/medscape/images/thumbnail_library/gty_220725_microscope_medical_research_800x450.jpg,Clinical Summary
How Can Primary Care Teams Collaborate More Effectively?,2024-09-02 02:59:00,http://medscape.co.uk/viewarticle/how-can-primary-care-teams-collaborate-more-effectively-2024a1000f0i,https://www.medscape.co.uk/viewarticle/how-can-primary-care-teams-collaborate-more-effectively-2024a1000f0i,"View from the ground, by Dr Honor Merriman",,Guidelines in Practice
Meat Consumption Tied to Higher Type 2 Diabetes Risk,2024-09-04 09:00:00,https://www.thelancet.com/journals/landia/article/PIIS2213-8587(24)00179-7/fulltext,https://www.medscape.co.uk/viewarticle/meat-consumption-tied-higher-type-2-diabetes-risk-2024a1000fiz,"Global data from more than one million people finds a significant link, particularly with processed meat and unprocessed red meat, across populations.",https://img.medscapestatic.com/vim/live/professional_assets/medscape/images/thumbnail_library/gty_240731_red_meat_processed_800x450.jpg,Clinical Summary
No Mental Health Concerns With GLP-1 Receptor Agonist Use?,2024-09-04 06:07:33,https://jamanetwork.com/journals/jamainternalmedicine/fullarticle/2823083?guestAccessKey=2dc15077-db5b-45cf-b2f1-f1fcf6020c5c&utm_source=For_The_Media&utm_medium=referral&utm_campaign=ftm_links&utm_content=tfl&utm_term=090324,https://www.medscape.co.uk/viewarticle/no-mental-health-concerns-glp-1-receptor-agonist-use-2024a1000g0g,"Following nearly 150 reports of suicidal thoughts and self-harm linked to GLP-1 receptor agonists, the European Medicines Agency launched an investigation last year.",https://img.medscapestatic.com/vim/live/professional_assets/medscape/images/thumbnail_library/dt_240716_semaglutide_pen_800x450.jpg,Clinical Summary
Nearly 45% of Cancer Survivors Report Financial Struggle,2024-09-04 05:17:17,"https://jamanetwork.com/journals/jamanetworkopen/fullarticle/2822454#:~:text=In%20this%20cross%2Dsectional%20study%2C%20approximately%2050%25%20of%20cancer,disadvantaged%2C%20and%20had%20advanced%20disease",https://www.medscape.com/viewarticle/nearly-45-cancer-survivors-report-financial-struggle-2024a1000g05,"A study found that a range of factors, including younger age, lower income, advanced cancer stages, and higher social vulnerability, contributed to the financial strain.",https://img.medscapestatic.com/vim/live/professional_assets/medscape/images/thumbnail_library/gty_221103_scale_healthcare_costs_800x450.jpg,Clinical Summary
Guidelines is Going Digital in 2025,2024-09-04 02:59:00,http://medscape.co.uk/viewarticle/guidelines-going-digital-2025-2024a1000d7e,https://www.medscape.co.uk/viewarticle/guidelines-going-digital-2025-2024a1000d7e,"Nina Buchan, Editor of Guidelines and Guidelines in Practice, highlights the benefits of online access as Guidelines goes exclusively digital for 2025",,Guidelines in Practice
Should Dentists Play a Role in the Battle Against Obesity?,2024-09-03 09:00:00,http://medscape.co.uk/viewarticle/should-dentists-play-role-battle-against-obesity-2024a1000fiw,https://www.medscape.co.uk/viewarticle/should-dentists-play-role-battle-against-obesity-2024a1000fiw,A survey in the United Kingdom found people are largely supportive of weight screening and offers of weight management interventions by their dental teams.,https://img.medscapestatic.com/vim/live/professional_assets/dreamstime_l_57022209-800x450.jpg,Clinical Summary
Parkinson's Risk in Women and History of Migraine: New Data,2024-09-05 03:46:56,http://medscape.com/viewarticle/parkinsons-risk-women-and-history-migraine-new-data-2024a1000g2s,https://www.medscape.com/viewarticle/parkinsons-risk-women-and-history-migraine-new-data-2024a1000g2s,A new cohort study found no association between a history of migraine and increased risk for Parkinson's disease in women.,https://img.medscapestatic.com/vim/live/professional_assets/medscape/images/thumbnail_library/dt_240904_headache_stress_800x450.jpg,Clinical Summary
8 Minutes to Screen for Cognitive Impairment in Primary Care,2024-09-05 10:00:00,https://bjgpopen.org/content/early/2024/08/20/BJGPO.2024.0039.long,https://www.medscape.co.uk/viewarticle/8-minutes-screen-cognitive-impairment-primary-care-2024a1000fze,"General practitioners found use of the Montreal Cognitive Assessment to be easy and fast, and the test had a high yield.",https://img.medscapestatic.com/vim/live/professional_assets/medscape/images/thumbnail_library/gty_240318_doctor_female_senior_patient_talking_800x450.jpg,Clinical Summary
"Is Dental Work After Radiation for Head, Neck Cancer Safe?",2024-09-05 09:51:55,https://jamanetwork.com/journals/jamaotolaryngology/article-abstract/2822270,https://www.medscape.com/viewarticle/are-dental-extractions-post-radiation-head-and-neck-cancer-2024a1000g44,Post-radiation dental extractions posed an elevated risk for exposed bone and osteoradionecrosis in patients with head and neck cancer.,https://img.medscapestatic.com/vim/live/professional_assets/medscape/images/thumbnail_library/gty_230713_patient_dentist_exam_800x450.jpg,Clinical Summary
Food Allergies Plateau But GPs Need More Tools,2024-09-05 09:00:00,https://www.thelancet.com/journals/lanpub/article/PIIS2468-2667/(24/)00163-4/fulltext,https://www.medscape.co.uk/viewarticle/food-allergies-plateau-gps-need-more-tools-2024a1000fxx,Most food allergies are managed in primary care but general practitioners lack support and tools.,https://img.medscapestatic.com/vim/live/professional_assets/medscape/images/thumbnail_library/dt_230103_atopic_dermatitis_child_arm_800x450.jpg,Clinical Summary
Invasive Strategy May Not Save Older Patients With NSTEMI,2024-09-05 09:00:00,https://www.nejm.org/doi/full/10.1056/NEJMoa2407791,https://www.medscape.co.uk/viewarticle/invasive-strategy-may-not-save-lives-older-patients-nstemi-2024a1000fx4,"It might result in fewer non-fatal infarctions, however.",https://img.medscapestatic.com/vim/live/professional_assets/dt_240617_elderly_hospital_800x450px.jpg,Clinical Summary
